{
  "n_repeat": 20,
  "data": {
    "name": "synthetic",
    "data_size": [500, 1000, 5000]
  },
  "model": {
    "name": "mean_embedding",
    "lam1": [[0.005, 0.001, 0.0005, 0.0001, 0.00005]],
    "lam2": [[0.005, 0.001, 0.0005, 0.0001, 0.00005]]
  }
}